pair_index,atom_i_1based,atom_j_1based
0,1,11
1,1,50
2,2,8
3,2,9
4,2,10
5,2,21
6,2,33
7,2,42
8,3,12
9,3,13
10,3,18
11,4,28
12,4,45
13,4,46
14,4,52
15,5,19
16,5,22
17,5,32
18,5,39
19,5,41
20,5,42
21,5,43
22,6,15
23,6,21
24,6,28
25,6,35
26,6,38
27,6,40
28,7,8
29,7,21
30,7,23
31,7,27
32,7,31
33,7,34
34,8,22
35,8,31
36,8,39
37,8,42
38,8,49
39,8,51
40,9,23
41,9,24
42,9,33
43,9,43
44,9,46
45,9,49
46,10,30
47,10,50
48,11,15
49,11,42
50,11,48
51,12,22
52,12,24
53,12,49
54,13,18
55,13,41
56,13,46
57,14,44
58,14,52
59,14,53
60,15,19
61,15,25
62,15,27
63,15,40
64,15,45
65,15,50
66,15,52
67,16,21
68,16,33
69,16,40
70,16,42
71,16,46
72,17,25
73,18,26
74,18,38
75,18,42
76,19,34
77,19,35
78,19,40
79,19,52
80,20,28
81,20,29
82,20,31
83,20,40
84,20,52
85,21,48
86,21,53
87,22,33
88,22,34
89,22,35
90,22,47
91,22,53
92,23,32
93,23,33
94,23,44
95,23,48
96,23,49
97,23,53
98,24,29
99,24,31
100,24,45
101,24,46
102,24,50
103,25,29
104,25,34
105,25,45
106,25,46
107,25,48
108,26,28
109,26,32
110,26,38
111,26,39
112,26,40
113,26,45
114,27,31
115,27,37
116,27,39
117,27,42
118,27,51
119,27,52
120,28,50
121,28,53
122,29,33
123,29,37
124,29,40
125,29,41
126,29,42
127,29,43
128,30,43
129,30,45
130,30,46
131,31,34
132,31,38
133,31,41
134,31,44
135,31,49
136,32,33
137,33,36
138,33,46
139,33,48
140,33,50
141,34,37
142,34,46
143,35,38
144,35,41
145,35,43
146,35,44
147,35,49
148,36,45
149,36,50
150,36,53
151,37,43
152,37,45
153,37,50
154,38,40
155,38,48
156,38,49
157,38,50
158,38,52
159,38,53
160,39,42
161,39,49
162,39,50
163,39,51
164,40,43
165,40,45
166,40,47
167,40,51
168,41,42
169,41,45
170,41,49
171,41,53
172,42,43
173,42,45
174,42,46
175,42,51
176,43,44
177,43,47
178,43,53
179,44,46
180,44,48
181,44,49
182,44,53
183,45,46
184,45,50
185,45,52
186,47,48
187,47,49
188,47,51
189,48,50
190,48,51
191,48,52
192,48,53
193,49,50
194,49,51
195,49,53
196,50,51
197,50,52
198,51,52
199,52,53
